{   
    "parent": "block/block",
    "textures": {
        "all": "tconstruct:block/slime/ender_slime",
        "particle": "tconstruct:block/slime/ender_slime"
    },
    "elements": [
        {   "from": [ 3, 3, 3 ],
            "to": [ 13, 13, 13 ],
            "faces": {
                "down":  { "uv": [ 3, 3, 13, 13 ], "texture": "#all" },
                "up":    { "uv": [ 3, 3, 13, 13 ], "texture": "#all" },
                "north": { "uv": [ 3, 3, 13, 13 ], "texture": "#all" },
                "south": { "uv": [ 3, 3, 13, 13 ], "texture": "#all" },
                "west":  { "uv": [ 3, 3, 13, 13 ], "texture": "#all" },
                "east":  { "uv": [ 3, 3, 13, 13 ], "texture": "#all" }
            }
        },
        {   "from": [ 0, 0, 0 ],
            "to": [ 16, 16, 16 ],
            "faces": {
                "down":  { "uv": [ 0, 0, 16, 16 ], "texture": "#all" },
                "up":    { "uv": [ 0, 0, 16, 16 ], "texture": "#all" },
                "north": { "uv": [ 0, 0, 16, 16 ], "texture": "#all" },
                "south": { "uv": [ 0, 0, 16, 16 ], "texture": "#all" },
                "west":  { "uv": [ 0, 0, 16, 16 ], "texture": "#all" },
                "east":  { "uv": [ 0, 0, 16, 16 ], "texture": "#all" }
            }
        }
    ]
}
